{
  "BTCUSDT": {
    "long": [
      {
        "zone": [
          118261.919,
          119450.481
        ],
        "tp": 122421.886,
        "sl": 117073.357,
        "leverage": 7,
        "volume_1m": 2.786
      }
    ],
    "short": [
      {
        "zone": [
          120047.733405,
          121248.181025
        ],
        "tp": 123646.10486,
        "sl": 118244.09057,
        "leverage": 10,
        "volume_1m": 2.786,
        "exclusive_zone_warning": true
      }
    ]
  },
  "ETHUSDT": {
    "long": [
      {
        "zone": [
          3133.86195,
          3165.35805
        ],
        "tp": 3244.0983,
        "sl": 3102.36585,
        "leverage": 7,
        "volume_1m": 82.01
      }
    ],
    "short": [
      {
        "zone": [
          3181.18484,
          3212.995901
        ],
        "tp": 3276.539283,
        "sl": 3133.389508,
        "leverage": 10,
        "volume_1m": 82.01,
        "exclusive_zone_warning": true
      }
    ]
  },
  "BNBUSDT": {
    "long": [
      {
        "zone": [
          690.928,
          697.872
        ],
        "tp": 715.232,
        "sl": 683.984,
        "leverage": 7,
        "volume_1m": 5.62
      }
    ],
    "short": [
      {
        "zone": [
          701.36136,
          708.3748
        ],
        "tp": 722.38432,
        "sl": 690.82384,
        "leverage": 10,
        "volume_1m": 5.62,
        "exclusive_zone_warning": true
      }
    ]
  },
  "SUIUSDT": {
    "long": [
      {
        "zone": [
          3.996417,
          4.036582
        ],
        "tp": 4.136995,
        "sl": 3.956252,
        "leverage": 7,
        "volume_1m": 2910.0
      }
    ],
    "short": [
      {
        "zone": [
          4.056765,
          4.097331
        ],
        "tp": 4.178365,
        "sl": 3.995815,
        "leverage": 10,
        "volume_1m": 2910.0,
        "exclusive_zone_warning": true
      }
    ]
  },
  "TRXUSDT": {
    "long": [
      {
        "zone": [
          0.300172,
          0.303188
        ],
        "tp": 0.31073,
        "sl": 0.297155,
        "leverage": 7,
        "volume_1m": 5311.0
      }
    ],
    "short": [
      {
        "zone": [
          0.304704,
          0.307751
        ],
        "tp": 0.313838,
        "sl": 0.300126,
        "leverage": 10,
        "volume_1m": 5311.0,
        "exclusive_zone_warning": true
      }
    ]
  },
  "XRPUSDT": {
    "long": [
      {
        "zone": [
          2.93923,
          2.96877
        ],
        "tp": 3.04262,
        "sl": 2.90969,
        "leverage": 7,
        "volume_1m": 60935.0
      }
    ],
    "short": [
      {
        "zone": [
          2.983614,
          3.01345
        ],
        "tp": 3.073046,
        "sl": 2.938787,
        "leverage": 10,
        "volume_1m": 60935.0,
        "exclusive_zone_warning": true
      }
    ]
  },
  "MOODENGUSDT": {
    "long": [
      {
        "zone": [
          0.19697,
          0.19895
        ],
        "tp": 0.203899,
        "sl": 0.194991,
        "leverage": 7,
        "volume_1m": 113204.0
      }
    ],
    "short": [
      {
        "zone": [
          0.199945,
          0.201944
        ],
        "tp": 0.205938,
        "sl": 0.196941,
        "leverage": 10,
        "volume_1m": 113204.0,
        "exclusive_zone_warning": true
      }
    ]
  },
  "TUTUSDT": {
    "long": [
      {
        "zone": [
          0.062118,
          0.062742
        ],
        "tp": 0.064303,
        "sl": 0.061494,
        "leverage": 10,
        "volume_1m": 836.0
      }
    ],
    "short": [
      {
        "zone": [
          0.063056,
          0.063687
        ],
        "tp": 0.064946,
        "sl": 0.062108,
        "leverage": 7,
        "volume_1m": 836.0,
        "exclusive_zone_warning": true
      }
    ]
  },
  "SOLUSDT": {
    "long": [
      {
        "zone": [
          165.4088,
          167.0712
        ],
        "tp": 171.2272,
        "sl": 163.7464,
        "leverage": 7,
        "volume_1m": 10891.9
      }
    ],
    "short": [
      {
        "zone": [
          167.906556,
          169.58558
        ],
        "tp": 172.939472,
        "sl": 165.383864,
        "leverage": 10,
        "volume_1m": 10891.9,
        "exclusive_zone_warning": true
      }
    ]
  },
  "ADAUSDT": {
    "long": [
      {
        "zone": [
          0.741474,
          0.748926
        ],
        "tp": 0.767556,
        "sl": 0.734022,
        "leverage": 7,
        "volume_1m": 40096.0
      }
    ],
    "short": [
      {
        "zone": [
          0.752671,
          0.760197
        ],
        "tp": 0.775232,
        "sl": 0.741362,
        "leverage": 10,
        "volume_1m": 40096.0,
        "exclusive_zone_warning": true
      }
    ]
  },
  "PLUMEUSDT": {
    "long": [
      {
        "zone": [
          0.106306,
          0.107374
        ],
        "tp": 0.110045,
        "sl": 0.105237,
        "leverage": 7,
        "volume_1m": 23848.0
      }
    ],
    "short": [
      {
        "zone": [
          0.107911,
          0.10899
        ],
        "tp": 0.111146,
        "sl": 0.10629,
        "leverage": 10,
        "volume_1m": 23848.0,
        "exclusive_zone_warning": true
      }
    ]
  },
  "last_updated": "2025-07-16 12:31:00"
}
