{
  "ETHUSDT": {
    "long": [
      {
        "zone": [
          3768.1486,
          3771.9243
        ],
        "sl": 3703.7,
        "tp": 3991.7,
        "leverage": 2.62,
        "po": "Отбой"
      }
    ],
    "short": [
      {
        "zone": [
          3779.4757,
          3783.2514
        ],
        "sl": 3847.7,
        "tp": 3559.7,
        "leverage": 2.62,
        "po": "Пробой"
      }
    ]
  },
  "BNBUSDT": {
    "long": [
      {
        "zone": [
          749.7974,
          750.5487
        ],
        "sl": 740.3,
        "tp": 784.3,
        "leverage": 3.42,
        "po": "Отбой"
      }
    ],
    "short": [
      {
        "zone": [
          752.0513,
          752.8026
        ],
        "sl": 762.3,
        "tp": 718.3,
        "leverage": 3.42,
        "po": "Пробой"
      }
    ]
  },
  "SUIUSDT": {
    "long": [
      {
        "zone": [
          3.927928,
          3.931864
        ],
        "sl": 3.8158,
        "tp": 4.2958,
        "leverage": 1.64,
        "po": "Отбой"
      }
    ],
    "short": [
      {
        "zone": [
          3.939736,
          3.943672
        ],
        "sl": 4.0558,
        "tp": 3.5758,
        "leverage": 1.64,
        "po": "Пробой"
      }
    ]
  },
  "TRXUSDT": {
    "long": [
      {
        "zone": [
          0.307484,
          0.307792
        ],
        "sl": 0.3051,
        "tp": 0.3171,
        "leverage": 5.13,
        "po": "Отбой"
      }
    ],
    "short": [
      {
        "zone": [
          0.308408,
          0.308716
        ],
        "sl": 0.3111,
        "tp": 0.2991,
        "leverage": 5.13,
        "po": "Пробой"
      }
    ]
  },
  "XRPUSDT": {
    "long": [
      {
        "zone": [
          3.228231,
          3.231465
        ],
        "sl": 3.1647,
        "tp": 3.4447,
        "leverage": 2.31,
        "po": "Отбой"
      }
    ],
    "short": [
      {
        "zone": [
          3.237935,
          3.241169
        ],
        "sl": 3.3047,
        "tp": 3.0247,
        "leverage": 2.31,
        "po": "Пробой"
      }
    ]
  },
  "MOODENGUSDT": {
    "long": [
      {
        "zone": [
          0.204889,
          0.205095
        ],
        "sl": 0.2003,
        "tp": 0.2203,
        "leverage": 2.05,
        "po": "Отбой"
      }
    ],
    "short": [
      {
        "zone": [
          0.205505,
          0.205711
        ],
        "sl": 0.2103,
        "tp": 0.1903,
        "leverage": 2.05,
        "po": "Пробой"
      }
    ]
  },
  "TUTUSDT": {
    "long": [
      {
        "zone": [
          0.061417,
          0.061478
        ],
        "sl": 0.06034,
        "tp": 0.06514,
        "leverage": 2.56,
        "po": "Отбой"
      }
    ],
    "short": [
      {
        "zone": [
          0.061602,
          0.061663
        ],
        "sl": 0.06274,
        "tp": 0.05794,
        "leverage": 2.56,
        "po": "Пробой"
      }
    ]
  },
  "SOLUSDT": {
    "long": [
      {
        "zone": [
          177.17494,
          177.35247
        ],
        "sl": 173.63,
        "tp": 189.23,
        "leverage": 2.28,
        "po": "Отбой"
      }
    ],
    "short": [
      {
        "zone": [
          177.70753,
          177.88506
        ],
        "sl": 181.43,
        "tp": 165.83,
        "leverage": 2.28,
        "po": "Пробой"
      }
    ]
  },
  "ADAUSDT": {
    "long": [
      {
        "zone": [
          0.850995,
          0.851847
        ],
        "sl": 0.8347,
        "tp": 0.9067,
        "leverage": 2.37,
        "po": "Отбой"
      }
    ],
    "short": [
      {
        "zone": [
          0.853553,
          0.854405
        ],
        "sl": 0.8707,
        "tp": 0.7987,
        "leverage": 2.37,
        "po": "Пробой"
      }
    ]
  },
  "PLUMEUSDT": {
    "long": [
      {
        "zone": [
          0.004591,
          0.004595
        ],
        "sl": 0.00451,
        "tp": 0.00487,
        "leverage": 2.56,
        "po": "Отбой"
      }
    ],
    "short": [
      {
        "zone": [
          0.004605,
          0.004609
        ],
        "sl": 0.00469,
        "tp": 0.00433,
        "leverage": 2.56,
        "po": "Пробой"
      }
    ]
  },
  "POPCATUSDT": {
    "long": [
      {
        "zone": [
          0.008882,
          0.008891
        ],
        "sl": 0.0086,
        "tp": 0.0098,
        "leverage": 1.48,
        "po": "Отбой"
      }
    ],
    "short": [
      {
        "zone": [
          0.008909,
          0.008918
        ],
        "sl": 0.0092,
        "tp": 0.008,
        "leverage": 1.48,
        "po": "Пробой"
      }
    ]
  },
  "WIFUSDT": {
    "long": [
      {
        "zone": [
          0.016168,
          0.016184
        ],
        "sl": 0.0157,
        "tp": 0.0177,
        "leverage": 1.62,
        "po": "Отбой"
      }
    ],
    "short": [
      {
        "zone": [
          0.016216,
          0.016232
        ],
        "sl": 0.0167,
        "tp": 0.0147,
        "leverage": 1.62,
        "po": "Пробой"
      }
    ]
  },
  "last_updated": "2025-07-21 14:39:15"
}
