{
  "BNBUSDT": {
    "long": [
      {
        "zone": [
          676.695,
          681.8475
        ],
        "tp": 707.61,
        "sl": 676.695,
        "leverage": 8
      }
    ],
    "short": [
      {
        "zone": [
          697.305,
          707.61
        ],
        "tp": 666.39,
        "sl": 711.045,
        "leverage": 8
      }
    ]
  },
  "SUIUSDT": {
    "long": [
      {
        "zone": [
          3.9397,
          3.9697
        ],
        "tp": 4.11969,
        "sl": 3.9397,
        "leverage": 10
      }
    ],
    "short": [
      {
        "zone": [
          4.0597,
          4.11969
        ],
        "tp": 3.87971,
        "sl": 4.13969,
        "leverage": 10
      }
    ]
  },
  "TRXUSDT": {
    "long": [
      {
        "zone": [
          0.29654,
          0.2988
        ],
        "tp": 0.31009,
        "sl": 0.29654,
        "leverage": 12
      }
    ],
    "short": [
      {
        "zone": [
          0.30558,
          0.31009
        ],
        "tp": 0.29203,
        "sl": 0.3116,
        "leverage": 12
      }
    ]
  },
  "XRPUSDT": {
    "long": [
      {
        "zone": [
          2.87187,
          2.89373
        ],
        "tp": 3.00307,
        "sl": 2.87187,
        "leverage": 10
      }
    ],
    "short": [
      {
        "zone": [
          2.95933,
          3.00307
        ],
        "tp": 2.82813,
        "sl": 3.01765,
        "leverage": 10
      }
    ]
  },
  "BTCUSDT": {
    "long": [
      {
        "zone": [
          115886.235,
          116768.6175
        ],
        "tp": 121180.53,
        "sl": 115886.235,
        "leverage": 5
      }
    ],
    "short": [
      {
        "zone": [
          119415.765,
          121180.53
        ],
        "tp": 114121.47,
        "sl": 121768.785,
        "leverage": 5
      }
    ]
  },
  "ETHUSDT": {
    "long": [
      {
        "zone": [
          3074.7366,
          3098.1483
        ],
        "tp": 3215.2068,
        "sl": 3074.7366,
        "leverage": 7
      }
    ],
    "short": [
      {
        "zone": [
          3168.3834,
          3215.2068
        ],
        "tp": 3027.9132,
        "sl": 3230.8146,
        "leverage": 7
      }
    ]
  },
  "MOODENGUSDT": {
    "long": [
      {
        "zone": [
          0.19044,
          0.19189
        ],
        "tp": 0.19914,
        "sl": 0.19044,
        "leverage": 15
      }
    ],
    "short": [
      {
        "zone": [
          0.19624,
          0.19914
        ],
        "tp": 0.18754,
        "sl": 0.20011,
        "leverage": 15
      }
    ]
  },
  "TUTUSDT": {
    "long": [
      {
        "zone": [
          0.05978,
          0.06023
        ],
        "tp": 0.06251,
        "sl": 0.05978,
        "leverage": 15
      }
    ],
    "short": [
      {
        "zone": [
          0.0616,
          0.06251
        ],
        "tp": 0.05887,
        "sl": 0.06281,
        "leverage": 15
      }
    ]
  },
  "SOLUSDT": {
    "long": [
      {
        "zone": [
          160.28905,
          161.50952
        ],
        "tp": 167.6119,
        "sl": 160.28905,
        "leverage": 10
      }
    ],
    "short": [
      {
        "zone": [
          165.17095,
          167.6119
        ],
        "tp": 157.8481,
        "sl": 168.42555,
        "leverage": 10
      }
    ]
  },
  "ADAUSDT": {
    "long": [
      {
        "zone": [
          0.7288,
          0.73435
        ],
        "tp": 0.7621,
        "sl": 0.7288,
        "leverage": 12
      }
    ],
    "short": [
      {
        "zone": [
          0.751,
          0.7621
        ],
        "tp": 0.7177,
        "sl": 0.7658,
        "leverage": 12
      }
    ]
  },
  "PLUMEUSDT": {
    "long": [
      {
        "zone": [
          0.10414,
          0.10494
        ],
        "tp": 0.1089,
        "sl": 0.10414,
        "leverage": 10
      }
    ],
    "short": [
      {
        "zone": [
          0.10732,
          0.1089
        ],
        "tp": 0.10256,
        "sl": 0.10943,
        "leverage": 10
      }
    ]
  },
  "last_updated": "2025-07-16 12:02:24"
}
