{
  "BTCUSDT": {
    "long": [
      {
        "zone": [
          117200,
          117600
        ],
        "sl": 116226.0,
        "tp": 120922.0,
        "leverage": 10
      }
    ],
    "short": [
      {
        "zone": [
          118400,
          118800
        ],
        "sl": 117414.0,
        "tp": 122158.0,
        "leverage": 10
      }
    ]
  },
  "ETHUSDT": {
    "long": [
      {
        "zone": [
          3580,
          3600
        ],
        "sl": 3554.1,
        "tp": 3697.7,
        "leverage": 10
      }
    ],
    "short": [
      {
        "zone": [
          3635,
          3660
        ],
        "sl": 3611.025,
        "tp": 3756.925,
        "leverage": 10
      }
    ]
  },
  "BNBUSDT": {
    "long": [
      {
        "zone": [
          745,
          748
        ],
        "sl": 739.035,
        "tp": 768.895,
        "leverage": 10
      }
    ],
    "short": [
      {
        "zone": [
          754,
          758
        ],
        "sl": 748.44,
        "tp": 778.68,
        "leverage": 10
      }
    ]
  },
  "SUIUSDT": {
    "long": [
      {
        "zone": [
          3.9,
          3.92
        ],
        "sl": 3.8709,
        "tp": 4.0273,
        "leverage": 10
      }
    ],
    "short": [
      {
        "zone": [
          3.95,
          3.97
        ],
        "sl": 3.9204,
        "tp": 4.0788,
        "leverage": 10
      }
    ]
  },
  "TRXUSDT": {
    "long": [
      {
        "zone": [
          0.303,
          0.306
        ],
        "sl": 0.301455,
        "tp": 0.313635,
        "leverage": 10
      }
    ],
    "short": [
      {
        "zone": [
          0.31,
          0.313
        ],
        "sl": 0.308385,
        "tp": 0.320845,
        "leverage": 10
      }
    ]
  },
  "XRPUSDT": {
    "long": [
      {
        "zone": [
          3.18,
          3.22
        ],
        "sl": 3.168,
        "tp": 3.296,
        "leverage": 10
      }
    ],
    "short": [
      {
        "zone": [
          3.27,
          3.32
        ],
        "sl": 3.26205,
        "tp": 3.39385,
        "leverage": 10
      }
    ]
  },
  "MOODENGUSDT": {
    "long": [
      {
        "zone": [
          0.2,
          0.203
        ],
        "sl": 0.199485,
        "tp": 0.207545,
        "leverage": 12
      }
    ],
    "short": [
      {
        "zone": [
          0.208,
          0.212
        ],
        "sl": 0.2079,
        "tp": 0.2163,
        "leverage": 12
      }
    ]
  },
  "TUTUSDT": {
    "long": [
      {
        "zone": [
          0.0605,
          0.061
        ],
        "sl": 0.060142,
        "tp": 0.062573,
        "leverage": 12
      }
    ],
    "short": [
      {
        "zone": [
          0.0618,
          0.0623
        ],
        "sl": 0.061429,
        "tp": 0.063911,
        "leverage": 12
      }
    ]
  },
  "SOLUSDT": {
    "long": [
      {
        "zone": [
          174,
          176
        ],
        "sl": 173.25,
        "tp": 180.25,
        "leverage": 10
      }
    ],
    "short": [
      {
        "zone": [
          179,
          182
        ],
        "sl": 178.695,
        "tp": 185.915,
        "leverage": 10
      }
    ]
  },
  "ADAUSDT": {
    "long": [
      {
        "zone": [
          0.84,
          0.85
        ],
        "sl": 0.83655,
        "tp": 0.87035,
        "leverage": 10
      }
    ],
    "short": [
      {
        "zone": [
          0.86,
          0.875
        ],
        "sl": 0.858825,
        "tp": 0.893525,
        "leverage": 10
      }
    ]
  },
  "PLUMEUSDT": {
    "long": [
      {
        "zone": [
          0.0044,
          0.0045
        ],
        "sl": 0.004405,
        "tp": 0.004583,
        "leverage": 12
      }
    ],
    "short": [
      {
        "zone": [
          0.0047,
          0.0048
        ],
        "sl": 0.004703,
        "tp": 0.004893,
        "leverage": 12
      }
    ]
  },
  "POPCATUSDT": {
    "long": [
      {
        "zone": [
          0.0087,
          0.0088
        ],
        "sl": 0.008663,
        "tp": 0.009013,
        "leverage": 12
      }
    ],
    "short": [
      {
        "zone": [
          0.0091,
          0.0092
        ],
        "sl": 0.009059,
        "tp": 0.009425,
        "leverage": 12
      }
    ]
  },
  "WIFUSDT": {
    "long": [
      {
        "zone": [
          0.0158,
          0.016
        ],
        "sl": 0.015741,
        "tp": 0.016377,
        "leverage": 12
      }
    ],
    "short": [
      {
        "zone": [
          0.0164,
          0.0166
        ],
        "sl": 0.016335,
        "tp": 0.016995,
        "leverage": 12
      }
    ]
  },
  "last_updated": "2025-07-20 18:36:02"
}
