{
  "BTCUSDT": {
    "long": [
      {
        "zone": [
          118261.919,
          118975.0562
        ],
        "tp": 122421.886,
        "sl": 117073.357,
        "leverage": 10,
        "volume_1m": 2.786
      }
    ],
    "short": [
      {
        "zone": [
          119093.9124,
          119569.3372
        ],
        "tp": 115290.514,
        "sl": 120639.043,
        "leverage": 10,
        "volume_1m": 2.786
      }
    ]
  },
  "ETHUSDT": {
    "long": [
      {
        "zone": [
          3133.86195,
          3152.75961
        ],
        "tp": 3244.0983,
        "sl": 3102.36585,
        "leverage": 10,
        "volume_1m": 82.01
      }
    ],
    "short": [
      {
        "zone": [
          3155.90922,
          3168.50766
        ],
        "tp": 3055.1217,
        "sl": 3196.85415,
        "leverage": 10,
        "volume_1m": 82.01
      }
    ]
  },
  "BNBUSDT": {
    "long": [
      {
        "zone": [
          690.928,
          695.0944
        ],
        "tp": 715.232,
        "sl": 683.984,
        "leverage": 10,
        "volume_1m": 5.62
      }
    ],
    "short": [
      {
        "zone": [
          695.7888,
          698.5664
        ],
        "tp": 673.568,
        "sl": 704.816,
        "leverage": 10,
        "volume_1m": 5.62
      }
    ]
  },
  "SUIUSDT": {
    "long": [
      {
        "zone": [
          3.996417,
          4.020516
        ],
        "tp": 4.136995,
        "sl": 3.956252,
        "leverage": 10,
        "volume_1m": 2910.0
      }
    ],
    "short": [
      {
        "zone": [
          4.024533,
          4.040599
        ],
        "tp": 3.896005,
        "sl": 4.076747,
        "leverage": 10,
        "volume_1m": 2910.0
      }
    ]
  },
  "TRXUSDT": {
    "long": [
      {
        "zone": [
          0.300172,
          0.301982
        ],
        "tp": 0.31073,
        "sl": 0.297155,
        "leverage": 10,
        "volume_1m": 5311.0
      }
    ],
    "short": [
      {
        "zone": [
          0.302283,
          0.30349
        ],
        "tp": 0.29263,
        "sl": 0.306205,
        "leverage": 10,
        "volume_1m": 5311.0
      }
    ]
  },
  "XRPUSDT": {
    "long": [
      {
        "zone": [
          2.93923,
          2.956954
        ],
        "tp": 3.04262,
        "sl": 2.90969,
        "leverage": 10,
        "volume_1m": 60935.0
      }
    ],
    "short": [
      {
        "zone": [
          2.959908,
          2.971724
        ],
        "tp": 2.86538,
        "sl": 2.99831,
        "leverage": 10,
        "volume_1m": 60935.0
      }
    ]
  },
  "MOODENGUSDT": {
    "long": [
      {
        "zone": [
          0.19697,
          0.198158
        ],
        "tp": 0.203899,
        "sl": 0.194991,
        "leverage": 10,
        "volume_1m": 113204.0
      }
    ],
    "short": [
      {
        "zone": [
          0.198356,
          0.199148
        ],
        "tp": 0.192021,
        "sl": 0.200929,
        "leverage": 10,
        "volume_1m": 113204.0
      }
    ]
  },
  "TUTUSDT": {
    "long": [
      {
        "zone": [
          0.062118,
          0.062492
        ],
        "tp": 0.064303,
        "sl": 0.061494,
        "leverage": 10,
        "volume_1m": 836.0
      }
    ],
    "short": [
      {
        "zone": [
          0.062555,
          0.062805
        ],
        "tp": 0.060557,
        "sl": 0.063366,
        "leverage": 10,
        "volume_1m": 836.0
      }
    ]
  },
  "SOLUSDT": {
    "long": [
      {
        "zone": [
          165.4088,
          166.40624
        ],
        "tp": 171.2272,
        "sl": 163.7464,
        "leverage": 10,
        "volume_1m": 10891.9
      }
    ],
    "short": [
      {
        "zone": [
          166.57248,
          167.23744
        ],
        "tp": 161.2528,
        "sl": 168.7336,
        "leverage": 10,
        "volume_1m": 10891.9
      }
    ]
  },
  "ADAUSDT": {
    "long": [
      {
        "zone": [
          0.741474,
          0.745945
        ],
        "tp": 0.767556,
        "sl": 0.734022,
        "leverage": 10,
        "volume_1m": 40096.0
      }
    ],
    "short": [
      {
        "zone": [
          0.74669,
          0.749671
        ],
        "tp": 0.722844,
        "sl": 0.756378,
        "leverage": 10,
        "volume_1m": 40096.0
      }
    ]
  },
  "PLUMEUSDT": {
    "long": [
      {
        "zone": [
          0.106306,
          0.106947
        ],
        "tp": 0.110045,
        "sl": 0.105237,
        "leverage": 7,
        "volume_1m": 23848.0
      }
    ],
    "short": [
      {
        "zone": [
          0.107054,
          0.107481
        ],
        "tp": 0.103635,
        "sl": 0.108443,
        "leverage": 7,
        "volume_1m": 23848.0
      }
    ]
  },
    "last_updated": "2025-07-16 11:17:52"
}
