{
  "BTCUSDT": {
    "long": [
      {
        "zone": [
          117658.75,
          118250.0
        ],
        "tp": 121797.5,
        "sl": 116476.25,
        "leverage": 10,
        "volume_1m": 28.224
      }
    ],
    "short": [
      {
        "zone": [
          118250.0,
          118841.25
        ],
        "tp": 114702.5,
        "sl": 120050.761421,
        "leverage": 10,
        "volume_1m": 28.224
      }
    ]
  },
  "ETHUSDT": {
    "long": [
      {
        "zone": [
          3149.2546,
          3165.08
        ],
        "tp": 3260.0324,
        "sl": 3117.6038,
        "leverage": 10,
        "volume_1m": 485.28
      }
    ],
    "short": [
      {
        "zone": [
          3165.08,
          3180.9054
        ],
        "tp": 3070.1276,
        "sl": 3213.279188,
        "leverage": 10,
        "volume_1m": 485.28
      }
    ]
  },
  "BNBUSDT": {
    "long": [
      {
        "zone": [
          687.545,
          691.0
        ],
        "tp": 711.73,
        "sl": 680.635,
        "leverage": 10,
        "volume_1m": 1.69
      }
    ],
    "short": [
      {
        "zone": [
          691.0,
          694.455
        ],
        "tp": 670.27,
        "sl": 701.522843,
        "leverage": 10,
        "volume_1m": 1.69
      }
    ]
  },
  "SUIUSDT": {
    "long": [
      {
        "zone": [
          3.978806,
          3.9988
        ],
        "tp": 4.118764,
        "sl": 3.938818,
        "leverage": 10,
        "volume_1m": 29390.0
      }
    ],
    "short": [
      {
        "zone": [
          3.9988,
          4.018794
        ],
        "tp": 3.878836,
        "sl": 4.059695,
        "leverage": 10,
        "volume_1m": 29390.0
      }
    ]
  },
  "TRXUSDT": {
    "long": [
      {
        "zone": [
          0.299684,
          0.30119
        ],
        "tp": 0.310226,
        "sl": 0.296672,
        "leverage": 10,
        "volume_1m": 3321.0
      }
    ],
    "short": [
      {
        "zone": [
          0.30119,
          0.302696
        ],
        "tp": 0.292154,
        "sl": 0.305777,
        "leverage": 10,
        "volume_1m": 3321.0
      }
    ]
  },
  "XRPUSDT": {
    "long": [
      {
        "zone": [
          2.921519,
          2.9362
        ],
        "tp": 3.024286,
        "sl": 2.892157,
        "leverage": 10,
        "volume_1m": 108521.0
      }
    ],
    "short": [
      {
        "zone": [
          2.9362,
          2.950881
        ],
        "tp": 2.848114,
        "sl": 2.980914,
        "leverage": 10,
        "volume_1m": 108521.0
      }
    ]
  },
  "MOODENGUSDT": {
    "long": [
      {
        "zone": [
          0.195856,
          0.19684
        ],
        "tp": 0.202745,
        "sl": 0.193887,
        "leverage": 10,
        "volume_1m": 3891.0
      }
    ],
    "short": [
      {
        "zone": [
          0.19684,
          0.197824
        ],
        "tp": 0.190935,
        "sl": 0.199838,
        "leverage": 10,
        "volume_1m": 3891.0
      }
    ]
  },
  "TUTUSDT": {
    "long": [
      {
        "zone": [
          0.059899,
          0.0602
        ],
        "tp": 0.062006,
        "sl": 0.059297,
        "leverage": 10,
        "volume_1m": 0.0
      }
    ],
    "short": [
      {
        "zone": [
          0.0602,
          0.060501
        ],
        "tp": 0.058394,
        "sl": 0.061117,
        "leverage": 10,
        "volume_1m": 0.0
      }
    ]
  },
  "SOLUSDT": {
    "long": [
      {
        "zone": [
          163.1999,
          164.02
        ],
        "tp": 168.9406,
        "sl": 161.5597,
        "leverage": 10,
        "volume_1m": 49.3
      }
    ],
    "short": [
      {
        "zone": [
          164.02,
          164.8401
        ],
        "tp": 159.0994,
        "sl": 166.517766,
        "leverage": 10,
        "volume_1m": 49.3
      }
    ]
  },
  "ADAUSDT": {
    "long": [
      {
        "zone": [
          0.742071,
          0.7458
        ],
        "tp": 0.768174,
        "sl": 0.734613,
        "leverage": 10,
        "volume_1m": 7388.0
      }
    ],
    "short": [
      {
        "zone": [
          0.7458,
          0.749529
        ],
        "tp": 0.723426,
        "sl": 0.757157,
        "leverage": 10,
        "volume_1m": 7388.0
      }
    ]
  },
  "PLUMEUSDT": {
    "long": [
      {
        "zone": [
          0.106097,
          0.10663
        ],
        "tp": 0.109829,
        "sl": 0.105031,
        "leverage": 10,
        "volume_1m": 323.0
      }
    ],
    "short": [
      {
        "zone": [
          0.10663,
          0.107163
        ],
        "tp": 0.103431,
        "sl": 0.108254,
        "leverage": 10,
        "volume_1m": 323.0
      }
    ]
  },
"last_updated": "2025-07-16 07:24:14"

}
