{
  "BTCUSDT": {
    "long": [
      {
        "zone": [
          117963.6,
          118436.4
        ],
        "sl": 117250,
        "tp": 121050,
        "leverage": 6.22
      }
    ],
    "short": [
      {
        "zone": [
          117963.6,
          118436.4
        ],
        "sl": 119150,
        "tp": 115350,
        "leverage": 6.22
      }
    ]
  },
  "ETHUSDT": {
    "long": [
      {
        "zone": [
          3768.1486,
          3783.2514
        ],
        "sl": 3703.7,
        "tp": 3991.7,
        "leverage": 2.62
      }
    ],
    "short": [
      {
        "zone": [
          3768.1486,
          3783.2514
        ],
        "sl": 3847.7,
        "tp": 3559.7,
        "leverage": 2.62
      }
    ]
  },
  "BNBUSDT": {
    "long": [
      {
        "zone": [
          749.7974,
          752.8026
        ],
        "sl": 740.3,
        "tp": 784.3,
        "leverage": 3.42
      }
    ],
    "short": [
      {
        "zone": [
          749.7974,
          752.8026
        ],
        "sl": 762.3,
        "tp": 718.3,
        "leverage": 3.42
      }
    ]
  },
  "SUIUSDT": {
    "long": [
      {
        "zone": [
          3.927928,
          3.943672
        ],
        "sl": 3.8158,
        "tp": 4.2958,
        "leverage": 1.64
      }
    ],
    "short": [
      {
        "zone": [
          3.927928,
          3.943672
        ],
        "sl": 4.0558,
        "tp": 3.5758,
        "leverage": 1.64
      }
    ]
  },
  "TRXUSDT": {
    "long": [
      {
        "zone": [
          0.307484,
          0.308716
        ],
        "sl": 0.3051,
        "tp": 0.3171,
        "leverage": 5.13
      }
    ],
    "short": [
      {
        "zone": [
          0.307484,
          0.308716
        ],
        "sl": 0.3111,
        "tp": 0.2991,
        "leverage": 5.13
      }
    ]
  },
  "XRPUSDT": {
    "long": [
      {
        "zone": [
          3.228231,
          3.241169
        ],
        "sl": 3.1647,
        "tp": 3.4447,
        "leverage": 2.31
      }
    ],
    "short": [
      {
        "zone": [
          3.228231,
          3.241169
        ],
        "sl": 3.3047,
        "tp": 3.0247,
        "leverage": 2.31
      }
    ]
  },
  "MOODENGUSDT": {
    "long": [
      {
        "zone": [
          0.204889,
          0.205711
        ],
        "sl": 0.2003,
        "tp": 0.2203,
        "leverage": 2.05
      }
    ],
    "short": [
      {
        "zone": [
          0.204889,
          0.205711
        ],
        "sl": 0.2103,
        "tp": 0.1903,
        "leverage": 2.05
      }
    ]
  },
  "TUTUSDT": {
    "long": [
      {
        "zone": [
          0.061417,
          0.061663
        ],
        "sl": 0.06034,
        "tp": 0.06514,
        "leverage": 2.56
      }
    ],
    "short": [
      {
        "zone": [
          0.061417,
          0.061663
        ],
        "sl": 0.06274,
        "tp": 0.05794,
        "leverage": 2.56
      }
    ]
  },
  "SOLUSDT": {
    "long": [
      {
        "zone": [
          177.17494,
          177.88506
        ],
        "sl": 173.63,
        "tp": 189.23,
        "leverage": 2.28
      }
    ],
    "short": [
      {
        "zone": [
          177.17494,
          177.88506
        ],
        "sl": 181.43,
        "tp": 165.83,
        "leverage": 2.28
      }
    ]
  },
  "ADAUSDT": {
    "long": [
      {
        "zone": [
          0.850995,
          0.854405
        ],
        "sl": 0.8347,
        "tp": 0.9067,
        "leverage": 2.37
      }
    ],
    "short": [
      {
        "zone": [
          0.850995,
          0.854405
        ],
        "sl": 0.8707,
        "tp": 0.7987,
        "leverage": 2.37
      }
    ]
  },
  "PLUMEUSDT": {
    "long": [
      {
        "zone": [
          0.004591,
          0.004609
        ],
        "sl": 0.00451,
        "tp": 0.00487,
        "leverage": 2.56
      }
    ],
    "short": [
      {
        "zone": [
          0.004591,
          0.004609
        ],
        "sl": 0.00469,
        "tp": 0.00433,
        "leverage": 2.56
      }
    ]
  },
  "POPCATUSDT": {
    "long": [
      {
        "zone": [
          0.008882,
          0.008918
        ],
        "sl": 0.0086,
        "tp": 0.0098,
        "leverage": 1.48
      }
    ],
    "short": [
      {
        "zone": [
          0.008882,
          0.008918
        ],
        "sl": 0.0092,
        "tp": 0.008,
        "leverage": 1.48
      }
    ]
  },
  "WIFUSDT": {
    "long": [
      {
        "zone": [
          0.016168,
          0.016232
        ],
        "sl": 0.0157,
        "tp": 0.0177,
        "leverage": 1.62
      }
    ],
    "short": [
      {
        "zone": [
          0.016168,
          0.016232
        ],
        "sl": 0.0167,
        "tp": 0.0147,
        "leverage": 1.62
      }
    ]
  },
  "last_updated": "2025-07-21 11:20:37"
}
