{
  "BNBUSDT": {
    "long": [
      {
        "zone": [
          683.565,
          685.626
        ],
        "tp": 707.61,
        "sl": 676.695,
        "leverage": 10
      }
    ],
    "short": [
      {
        "zone": [
          688.374,
          690.435
        ],
        "tp": 666.39,
        "sl": 697.305,
        "leverage": 10
      }
    ]
  },
  "SUIUSDT": {
    "long": [
      {
        "zone": [
          3.979702,
          3.991701
        ],
        "tp": 4.119691,
        "sl": 3.939704,
        "leverage": 10
      }
    ],
    "short": [
      {
        "zone": [
          4.007699,
          4.019698
        ],
        "tp": 3.879709,
        "sl": 4.059695,
        "leverage": 10
      }
    ]
  },
  "TRXUSDT": {
    "long": [
      {
        "zone": [
          0.299555,
          0.300458
        ],
        "tp": 0.310092,
        "sl": 0.296544,
        "leverage": 10
      }
    ],
    "short": [
      {
        "zone": [
          0.301662,
          0.302565
        ],
        "tp": 0.292028,
        "sl": 0.305576,
        "leverage": 10
      }
    ]
  },
  "XRPUSDT": {
    "long": [
      {
        "zone": [
          2.901022,
          2.909769
        ],
        "tp": 3.003068,
        "sl": 2.871866,
        "leverage": 10
      }
    ],
    "short": [
      {
        "zone": [
          2.921431,
          2.930178
        ],
        "tp": 2.828132,
        "sl": 2.959334,
        "leverage": 10
      }
    ]
  },
  "BTCUSDT": {
    "long": [
      {
        "zone": [
          117062.745,
          117415.698
        ],
        "tp": 121180.53,
        "sl": 115886.235,
        "leverage": 10
      }
    ],
    "short": [
      {
        "zone": [
          117886.302,
          118239.255
        ],
        "tp": 114121.47,
        "sl": 119415.765,
        "leverage": 10
      }
    ]
  },
  "ETHUSDT": {
    "long": [
      {
        "zone": [
          3105.9522,
          3115.31688
        ],
        "tp": 3215.2068,
        "sl": 3074.7366,
        "leverage": 10
      }
    ],
    "short": [
      {
        "zone": [
          3127.80312,
          3137.1678
        ],
        "tp": 3027.9132,
        "sl": 3168.3834,
        "leverage": 10
      }
    ]
  },
  "MOODENGUSDT": {
    "long": [
      {
        "zone": [
          0.192373,
          0.192953
        ],
        "tp": 0.19914,
        "sl": 0.19044,
        "leverage": 10
      }
    ],
    "short": [
      {
        "zone": [
          0.193727,
          0.194307
        ],
        "tp": 0.18754,
        "sl": 0.19624,
        "leverage": 10
      }
    ]
  },
  "TUTUSDT": {
    "long": [
      {
        "zone": [
          0.060387,
          0.060569
        ],
        "tp": 0.062511,
        "sl": 0.05978,
        "leverage": 10
      }
    ],
    "short": [
      {
        "zone": [
          0.060811,
          0.060993
        ],
        "tp": 0.058869,
        "sl": 0.0616,
        "leverage": 10
      }
    ]
  },
  "SOLUSDT": {
    "long": [
      {
        "zone": [
          161.91635,
          162.40454
        ],
        "tp": 167.6119,
        "sl": 160.28905,
        "leverage": 10
      }
    ],
    "short": [
      {
        "zone": [
          163.05546,
          163.54365
        ],
        "tp": 157.8481,
        "sl": 165.17095,
        "leverage": 10
      }
    ]
  },
  "ADAUSDT": {
    "long": [
      {
        "zone": [
          0.736201,
          0.73842
        ],
        "tp": 0.762097,
        "sl": 0.728801,
        "leverage": 10
      }
    ],
    "short": [
      {
        "zone": [
          0.74138,
          0.743599
        ],
        "tp": 0.717703,
        "sl": 0.750998,
        "leverage": 10
      }
    ]
  },
  "PLUMEUSDT": {
    "long": [
      {
        "zone": [
          0.105201,
          0.105519
        ],
        "tp": 0.108902,
        "sl": 0.104144,
        "leverage": 10
      }
    ],
    "short": [
      {
        "zone": [
          0.105941,
          0.106259
        ],
        "tp": 0.102558,
        "sl": 0.107316,
        "leverage": 10
      }
    ]
  },
  "last_updated": "2025-07-16 06:04:03"
}
