{
  "BTCUSDT": {
    "long": [[117000, 117300], [114500, 115000]],
    "short": [[119200, 119500]]
  },
  "ETHUSDT": {
    "long": [[2900, 2920]],
    "short": [[2980, 3000]]
  },
  "MOODENGUSDT": {
    "long": [[0.180, 0.183]],
    "short": [[0.193, 0.196]]
  },
  "TUTUSDT": {
    "long": [[1.050, 1.080]],
    "short": [[1.120, 1.150]]
  },
  "BNBUSDT": {
    "long": [[305, 308]],
    "short": [[316, 319]]
  },
  "SOLUSDT": {
    "long": [[164, 166]],
    "short": [[172, 175]]
  },
  "XRPUSDT": {
    "long": [[0.565, 0.575]],
    "short": [[0.595, 0.605]]
  },
  "TRXUSDT": {
    "long": [[0.076, 0.078]],
    "short": [[0.080, 0.082]]
  },
  "BONKUSDT": {
    "long": [[0.00090, 0.00092]],
    "short": [[0.00100, 0.00103]]
  },
  "PEPUUSDT": {
    "long": [[0.00044, 0.00046]],
    "short": [[0.00048, 0.00050]]
  },
  "SUIUSDT": {
    "long": [[2.48, 2.52]],
    "short": [[2.65, 2.70]]
  },
  "ADAUSDT": {
    "long": [[0.675, 0.685]],
    "short": [[0.705, 0.715]]
  },
  "PLUMEUSDT": {
    "long": [[0.108, 0.112]],
    "short": [[0.120, 0.124]]
  }
}
