{
  "BTCUSDT": {
    "long": [
      {
        "zone": [
          63367.163419,
          64319.976441
        ],
        "tp": 66249.575734,
        "sl": 62099.820151,
        "leverage": 10,
        "volume_1m": 12.498
      }
    ],
    "short": [
      {
        "zone": [
          64319.976441,
          64641.576323
        ],
        "tp": 61466.148516,
        "sl": 65606.37597,
        "leverage": 10,
        "volume_1m": 12.498
      }
    ]
  },
  "ETHUSDT": {
    "long": [
      {
        "zone": [
          3424.600151,
          3477.319683
        ],
        "tp": 3581.639273,
        "sl": 3356.108148,
        "leverage": 5,
        "volume_1m": 25.416
      }
    ],
    "short": [
      {
        "zone": [
          3477.319683,
          3494.706281
        ],
        "tp": 3321.862146,
        "sl": 3546.866077,
        "leverage": 5,
        "volume_1m": 25.416
      }
    ]
  },
  "BNBUSDT": {
    "long": [
      {
        "zone": [
          583.181664,
          592.627634
        ],
        "tp": 610.406463,
        "sl": 571.518031,
        "leverage": 15,
        "volume_1m": 71.691
      }
    ],
    "short": [
      {
        "zone": [
          592.627634,
          595.590772
        ],
        "tp": 565.686214,
        "sl": 604.480187,
        "leverage": 15,
        "volume_1m": 71.691
      }
    ]
  },
  "SUIUSDT": {
    "long": [
      {
        "zone": [
          1.508741,
          1.532759
        ],
        "tp": 1.578742,
        "sl": 1.478566,
        "leverage": 5,
        "volume_1m": 74.6
      }
    ],
    "short": [
      {
        "zone": [
          1.532759,
          1.540423
        ],
        "tp": 1.463479,
        "sl": 1.563414,
        "leverage": 5,
        "volume_1m": 74.6
      }
    ]
  },
  "TRXUSDT": {
    "long": [
      {
        "zone": [
          0.132816,
          0.134794
        ],
        "tp": 0.138838,
        "sl": 0.13016,
        "leverage": 5,
        "volume_1m": 43.477
      }
    ],
    "short": [
      {
        "zone": [
          0.134794,
          0.135468
        ],
        "tp": 0.128832,
        "sl": 0.13749,
        "leverage": 5,
        "volume_1m": 43.477
      }
    ]
  },
  "XRPUSDT": {
    "long": [
      {
        "zone": [
          0.615817,
          0.626036
        ],
        "tp": 0.644817,
        "sl": 0.603501,
        "leverage": 5,
        "volume_1m": 34.457
      }
    ],
    "short": [
      {
        "zone": [
          0.626036,
          0.629166
        ],
        "tp": 0.597342,
        "sl": 0.638557,
        "leverage": 5,
        "volume_1m": 34.457
      }
    ]
  },
  "MOODENGUSDT": {
    "long": [
      {
        "zone": [
          0.191969,
          0.194494
        ],
        "tp": 0.200329,
        "sl": 0.18813,
        "leverage": 5,
        "volume_1m": 33.111
      }
    ],
    "short": [
      {
        "zone": [
          0.194494,
          0.195466
        ],
        "tp": 0.18621,
        "sl": 0.198384,
        "leverage": 5,
        "volume_1m": 33.111
      }
    ]
  },
  "TUTUSDT": {
    "long": [
      {
        "zone": [
          0.060571,
          0.061417
        ],
        "tp": 0.06326,
        "sl": 0.05936,
        "leverage": 10,
        "volume_1m": 67.313
      }
    ],
    "short": [
      {
        "zone": [
          0.061417,
          0.061724
        ],
        "tp": 0.058754,
        "sl": 0.062645,
        "leverage": 10,
        "volume_1m": 67.313
      }
    ]
  },
  "SOLUSDT": {
    "long": [
      {
        "zone": [
          143.647865,
          146.214337
        ],
        "tp": 150.600767,
        "sl": 140.774908,
        "leverage": 15,
        "volume_1m": 49.329
      }
    ],
    "short": [
      {
        "zone": [
          146.214337,
          146.945409
        ],
        "tp": 139.338429,
        "sl": 149.138624,
        "leverage": 15,
        "volume_1m": 49.329
      }
    ]
  },
  "ADAUSDT": {
    "long": [
      {
        "zone": [
          0.420956,
          0.427231
        ],
        "tp": 0.440048,
        "sl": 0.412537,
        "leverage": 5,
        "volume_1m": 54.923
      }
    ],
    "short": [
      {
        "zone": [
          0.427231,
          0.429367
        ],
        "tp": 0.408327,
        "sl": 0.435776,
        "leverage": 5,
        "volume_1m": 54.923
      }
    ]
  },
  "PLUMEUSDT": {
    "long": [
      {
        "zone": [
          0.104148,
          0.106007
        ],
        "tp": 0.109187,
        "sl": 0.102065,
        "leverage": 10,
        "volume_1m": 14.929
      }
    ],
    "short": [
      {
        "zone": [
          0.106007,
          0.106537
        ],
        "tp": 0.101024,
        "sl": 0.108127,
        "leverage": 10,
        "volume_1m": 14.929
      }
    ]
  },
"last_updated": "2025-07-17 07:43:12"
}
