{
  "BTCUSDT": {
    "long": [
      {
        "zone": [
          117328.8,
          118271.2
        ],
        "sl": 117152.1,
        "tp": 119743.7,
        "leverage": 10
      }
    ],
    "short": [
      {
        "zone": [
          118271.2,
          118742.4
        ],
        "sl": 118447.9,
        "tp": 115856.3,
        "leverage": 10
      }
    ]
  },
  "ETHUSDT": {
    "long": [
      {
        "zone": [
          3087.6,
          3112.4
        ],
        "sl": 3082.95,
        "tp": 3151.15,
        "leverage": 10
      }
    ],
    "short": [
      {
        "zone": [
          3112.4,
          3124.8
        ],
        "sl": 3117.05,
        "tp": 3048.85,
        "leverage": 10
      }
    ]
  },
  "BNBUSDT": {
    "long": [
      {
        "zone": [
          577.68,
          582.32
        ],
        "sl": 576.81,
        "tp": 589.57,
        "leverage": 10
      }
    ],
    "short": [
      {
        "zone": [
          582.32,
          584.64
        ],
        "sl": 583.19,
        "tp": 570.43,
        "leverage": 10
      }
    ]
  },
  "SUIUSDT": {
    "long": [
      {
        "zone": [
          1.1952,
          1.2048
        ],
        "sl": 1.1934,
        "tp": 1.2198,
        "leverage": 12
      }
    ],
    "short": [
      {
        "zone": [
          1.2048,
          1.2096
        ],
        "sl": 1.2066,
        "tp": 1.1802,
        "leverage": 12
      }
    ]
  },
  "TRXUSDT": {
    "long": [
      {
        "zone": [
          0.12948,
          0.13052
        ],
        "sl": 0.129285,
        "tp": 0.132145,
        "leverage": 12
      }
    ],
    "short": [
      {
        "zone": [
          0.13052,
          0.13104
        ],
        "sl": 0.130715,
        "tp": 0.127855,
        "leverage": 12
      }
    ]
  },
  "XRPUSDT": {
    "long": [
      {
        "zone": [
          0.6474,
          0.6526
        ],
        "sl": 0.646425,
        "tp": 0.660725,
        "leverage": 10
      }
    ],
    "short": [
      {
        "zone": [
          0.6526,
          0.6552
        ],
        "sl": 0.653575,
        "tp": 0.639275,
        "leverage": 10
      }
    ]
  },
  "MOODENGUSDT": {
    "long": [
      {
        "zone": [
          0.18924,
          0.19076
        ],
        "sl": 0.188955,
        "tp": 0.193135,
        "leverage": 12
      }
    ],
    "short": [
      {
        "zone": [
          0.19076,
          0.19152
        ],
        "sl": 0.191045,
        "tp": 0.186865,
        "leverage": 12
      }
    ]
  },
  "TUTUSDT": {
    "long": [
      {
        "zone": [
          0.05976,
          0.06024
        ],
        "sl": 0.05967,
        "tp": 0.06099,
        "leverage": 12
      }
    ],
    "short": [
      {
        "zone": [
          0.06024,
          0.06048
        ],
        "sl": 0.06033,
        "tp": 0.05901,
        "leverage": 12
      }
    ]
  },
  "SOLUSDT": {
    "long": [
      {
        "zone": [
          164.34,
          165.66
        ],
        "sl": 164.0925,
        "tp": 167.7225,
        "leverage": 10
      }
    ],
    "short": [
      {
        "zone": [
          165.66,
          166.32
        ],
        "sl": 165.9075,
        "tp": 162.2775,
        "leverage": 10
      }
    ]
  },
  "ADAUSDT": {
    "long": [
      {
        "zone": [
          0.71712,
          0.72288
        ],
        "sl": 0.71604,
        "tp": 0.73188,
        "leverage": 12
      }
    ],
    "short": [
      {
        "zone": [
          0.72288,
          0.72576
        ],
        "sl": 0.72396,
        "tp": 0.70812,
        "leverage": 12
      }
    ]
  },
  "PLUMEUSDT": {
    "long": [
      {
        "zone": [
          0.10458,
          0.10542
        ],
        "sl": 0.104423,
        "tp": 0.106731,
        "leverage": 12
      }
    ],
    "short": [
      {
        "zone": [
          0.10542,
          0.10584
        ],
        "sl": 0.105577,
        "tp": 0.103269,
        "leverage": 12
      }
    ]
  },
  "POPCATUSDT": {
    "long": [
      {
        "zone": [
          0.011952,
          0.012048
        ],
        "sl": 0.011934,
        "tp": 0.012198,
        "leverage": 12
      }
    ],
    "short": [
      {
        "zone": [
          0.012048,
          0.012096
        ],
        "sl": 0.012066,
        "tp": 0.011802,
        "leverage": 12
      }
    ]
  },
  "WIFUSDT": {
    "long": [
      {
        "zone": [
          2.8386,
          2.8614
        ],
        "sl": 2.834325,
        "tp": 2.897025,
        "leverage": 12
      }
    ],
    "short": [
      {
        "zone": [
          2.8614,
          2.8728
        ],
        "sl": 2.865675,
        "tp": 2.802975,
        "leverage": 12
      }
    ]
  },
  "DOGEUSDT": {
    "long": [
      {
        "zone": [
          0.19422,
          0.19578
        ],
        "sl": 0.193927,
        "tp": 0.198219,
        "leverage": 12
      }
    ],
    "short": [
      {
        "zone": [
          0.19578,
          0.19656
        ],
        "sl": 0.196073,
        "tp": 0.191781,
        "leverage": 12
      }
    ]
  },
  "PEPEUSDT": {
    "long": [
      {
        "zone": [
          1.2e-05,
          1.2e-05
        ],
        "sl": 1.2e-05,
        "tp": 1.2e-05,
        "leverage": 12
      }
    ],
    "short": [
      {
        "zone": [
          1.2e-05,
          1.2e-05
        ],
        "sl": 1.2e-05,
        "tp": 1.2e-05,
        "leverage": 12
      }
    ]
  },
  "ARBUSDT": {
    "long": [
      {
        "zone": [
          0.97608,
          0.98392
        ],
        "sl": 0.97461,
        "tp": 0.99617,
        "leverage": 12
      }
    ],
    "short": [
      {
        "zone": [
          0.98392,
          0.98784
        ],
        "sl": 0.98539,
        "tp": 0.96383,
        "leverage": 12
      }
    ]
  },
  "last_updated": "2025-07-18 00:46:45"
}
