{
  "BTCUSDT": {
    "long": [
      {
        "zone": [
          115403.925,
          116587.555
        ],
        "sl": 112873.925,
        "tp": 124177.555,
        "leverage": 10
      }
    ],
    "short": [
      {
        "zone": [
          120138.445,
          121322.075
        ],
        "sl": 123852.075,
        "tp": 112548.445,
        "leverage": 10
      }
    ]
  },
  "ETHUSDT": {
    "long": [
      {
        "zone": [
          3466.2225,
          3501.7735
        ],
        "sl": 3345.2225,
        "tp": 3864.7735,
        "leverage": 10
      }
    ],
    "short": [
      {
        "zone": [
          3608.4265,
          3643.9775
        ],
        "sl": 3764.9775,
        "tp": 3245.4265,
        "leverage": 10
      }
    ]
  },
  "BNBUSDT": {
    "long": [
      {
        "zone": [
          548.34,
          553.964
        ],
        "sl": 528.54,
        "tp": 613.364,
        "leverage": 10
      }
    ],
    "short": [
      {
        "zone": [
          570.836,
          576.46
        ],
        "sl": 596.26,
        "tp": 511.436,
        "leverage": 10
      }
    ]
  },
  "SUIUSDT": {
    "long": [
      {
        "zone": [
          1.209,
          1.2214
        ],
        "sl": 1.132,
        "tp": 1.4524,
        "leverage": 12
      }
    ],
    "short": [
      {
        "zone": [
          1.2586,
          1.271
        ],
        "sl": 1.348,
        "tp": 1.0276,
        "leverage": 12
      }
    ]
  },
  "TRXUSDT": {
    "long": [
      {
        "zone": [
          0.13065,
          0.13199
        ],
        "sl": 0.12515,
        "tp": 0.14849,
        "leverage": 12
      }
    ],
    "short": [
      {
        "zone": [
          0.13601,
          0.13735
        ],
        "sl": 0.14285,
        "tp": 0.11951,
        "leverage": 12
      }
    ]
  },
  "XRPUSDT": {
    "long": [
      {
        "zone": [
          0.5694,
          0.57524
        ],
        "sl": 0.5474,
        "tp": 0.64124,
        "leverage": 10
      }
    ],
    "short": [
      {
        "zone": [
          0.59276,
          0.5986
        ],
        "sl": 0.6206,
        "tp": 0.52676,
        "leverage": 10
      }
    ]
  },
  "MOODENGUSDT": {
    "long": [
      {
        "zone": [
          0.19305,
          0.19503
        ],
        "sl": 0.18205,
        "tp": 0.22803,
        "leverage": 12
      }
    ],
    "short": [
      {
        "zone": [
          0.20097,
          0.20295
        ],
        "sl": 0.21395,
        "tp": 0.16797,
        "leverage": 12
      }
    ]
  },
  "TUTUSDT": {
    "long": [
      {
        "zone": [
          0.06045,
          0.06107
        ],
        "sl": 0.05715,
        "tp": 0.07097,
        "leverage": 12
      }
    ],
    "short": [
      {
        "zone": [
          0.06293,
          0.06355
        ],
        "sl": 0.06685,
        "tp": 0.05303,
        "leverage": 12
      }
    ]
  },
  "SOLUSDT": {
    "long": [
      {
        "zone": [
          164.0925,
          165.7755
        ],
        "sl": 158.0425,
        "tp": 183.9255,
        "leverage": 10
      }
    ],
    "short": [
      {
        "zone": [
          170.8245,
          172.5075
        ],
        "sl": 178.5575,
        "tp": 152.6745,
        "leverage": 10
      }
    ]
  },
  "ADAUSDT": {
    "long": [
      {
        "zone": [
          0.7215,
          0.7289
        ],
        "sl": 0.6885,
        "tp": 0.8279,
        "leverage": 12
      }
    ],
    "short": [
      {
        "zone": [
          0.7511,
          0.7585
        ],
        "sl": 0.7915,
        "tp": 0.6521,
        "leverage": 12
      }
    ]
  },
  "PLUMEUSDT": {
    "long": [
      {
        "zone": [
          0.10335,
          0.10441
        ],
        "sl": 0.09895,
        "tp": 0.11761,
        "leverage": 12
      }
    ],
    "short": [
      {
        "zone": [
          0.10759,
          0.10865
        ],
        "sl": 0.11305,
        "tp": 0.09439,
        "leverage": 12
      }
    ]
  },
  "popcatusdt": {
    "long": [
      {
        "zone": [
          0.005168,
          0.005221
        ],
        "sl": 0.004838,
        "tp": 0.006211,
        "leverage": 12
      }
    ],
    "short": [
      {
        "zone": [
          0.005379,
          0.005432
        ],
        "sl": 0.005762,
        "tp": 0.004389,
        "leverage": 12
      }
    ]
  },
  "wifusdt": {
    "long": [
      {
        "zone": [
          2.7105,
          2.7383
        ],
        "sl": 2.4905,
        "tp": 3.3983,
        "leverage": 12
      }
    ],
    "short": [
      {
        "zone": [
          2.8217,
          2.8495
        ],
        "sl": 3.0695,
        "tp": 2.1617,
        "leverage": 12
      }
    ]
  },
  "last_updated": "2025-07-19 11:30:42"
}
