{
  "BTCUSDT": [117100, 117300],
  "ETHUSDT": [2910, 2940],
  "MOODENGUSDT": [0.180, 0.182],
  "TUTUSDT": [1.050, 1.080],
  "BNBUSDT": [305, 308],
  "SOLUSDT": [164, 166],
  "XRPUSDT": [0.565, 0.575],
  "TRXUSDT": [0.076, 0.078],
  "BONKUSDT": [0.00090, 0.00092],
  "PEPUUSDT": [0.00044, 0.00046],
  "SUIUSDT": [2.48, 2.52],
  "ADAUSDT": [0.675, 0.685],
  "PLUMEUSDT": [0.108, 0.112]
}
