{
  "BTCUSDT": {
    "long": [
      {
        "zone": [
          117670.69,
          118853.31
        ],
        "tp": 121809.86,
        "sl": 116488.07,
        "leverage": 10,
        "volume_1m": 4.628
      }
    ],
    "short": [
      {
        "zone": [
          118853.31,
          120035.93
        ],
        "tp": 114714.14,
        "sl": 120035.93,
        "leverage": 10,
        "volume_1m": 4.628
      }
    ]
  },
  "ETHUSDT": {
    "long": [
      {
        "zone": [
          3156.339,
          3188.061
        ],
        "tp": 3267.366,
        "sl": 3124.617,
        "leverage": 10,
        "volume_1m": 167.78
      }
    ],
    "short": [
      {
        "zone": [
          3188.061,
          3219.783
        ],
        "tp": 3077.034,
        "sl": 3219.783,
        "leverage": 10,
        "volume_1m": 167.78
      }
    ]
  },
  "BNBUSDT": {
    "long": [
      {
        "zone": [
          689.2365,
          696.1635
        ],
        "tp": 713.481,
        "sl": 682.3095,
        "leverage": 10,
        "volume_1m": 0.09
      }
    ],
    "short": [
      {
        "zone": [
          696.1635,
          703.0905
        ],
        "tp": 671.919,
        "sl": 703.0905,
        "leverage": 10,
        "volume_1m": 0.09
      }
    ]
  },
  "SUIUSDT": {
    "long": [
      {
        "zone": [
          3.98796,
          4.02804
        ],
        "tp": 4.12824,
        "sl": 3.94788,
        "leverage": 10,
        "volume_1m": 6330.0
      }
    ],
    "short": [
      {
        "zone": [
          4.02804,
          4.06812
        ],
        "tp": 3.88776,
        "sl": 4.06812,
        "leverage": 10,
        "volume_1m": 6330.0
      }
    ]
  },
  "TRXUSDT": {
    "long": [
      {
        "zone": [
          0.29954,
          0.30256
        ],
        "tp": 0.31008,
        "sl": 0.29653,
        "leverage": 10,
        "volume_1m": 29592.0
      }
    ],
    "short": [
      {
        "zone": [
          0.30256,
          0.30558
        ],
        "tp": 0.29202,
        "sl": 0.30557,
        "leverage": 10,
        "volume_1m": 29592.0
      }
    ]
  },
  "XRPUSDT": {
    "long": [
      {
        "zone": [
          2.91893,
          2.94827
        ],
        "tp": 3.02161,
        "sl": 2.8896,
        "leverage": 10,
        "volume_1m": 77805.0
      }
    ],
    "short": [
      {
        "zone": [
          2.94827,
          2.97761
        ],
        "tp": 2.84559,
        "sl": 2.9776,
        "leverage": 10,
        "volume_1m": 77805.0
      }
    ]
  },
  "MOODENGUSDT": {
    "long": [
      {
        "zone": [
          0.19679,
          0.19877
        ],
        "tp": 0.20371,
        "sl": 0.19481,
        "leverage": 10,
        "volume_1m": 105231.0
      }
    ],
    "short": [
      {
        "zone": [
          0.19877,
          0.20075
        ],
        "tp": 0.19185,
        "sl": 0.20075,
        "leverage": 10,
        "volume_1m": 105231.0
      }
    ]
  },
  "TUTUSDT": {
    "long": [
      {
        "zone": [
          0.06013,
          0.06073
        ],
        "tp": 0.06224,
        "sl": 0.05952,
        "leverage": 10,
        "volume_1m": 1974.0
      }
    ],
    "short": [
      {
        "zone": [
          0.06073,
          0.06133
        ],
        "tp": 0.05862,
        "sl": 0.06134,
        "leverage": 10,
        "volume_1m": 1974.0
      }
    ]
  },
  "SOLUSDT": {
    "long": [
      {
        "zone": [
          163.7173,
          165.3627
        ],
        "tp": 169.4762,
        "sl": 162.0719,
        "leverage": 10,
        "volume_1m": 4421.8
      }
    ],
    "short": [
      {
        "zone": [
          165.3627,
          167.0081
        ],
        "tp": 159.6038,
        "sl": 167.0081,
        "leverage": 10,
        "volume_1m": 4421.8
      }
    ]
  },
  "ADAUSDT": {
    "long": [
      {
        "zone": [
          0.74476,
          0.75224
        ],
        "tp": 0.77096,
        "sl": 0.73727,
        "leverage": 10,
        "volume_1m": 137985.0
      }
    ],
    "short": [
      {
        "zone": [
          0.75224,
          0.75972
        ],
        "tp": 0.72605,
        "sl": 0.75973,
        "leverage": 10,
        "volume_1m": 137985.0
      }
    ]
  },
  "PLUMEUSDT": {
    "long": [
      {
        "zone": [
          0.10634,
          0.1074
        ],
        "tp": 0.11008,
        "sl": 0.10527,
        "leverage": 10,
        "volume_1m": 218251.0
      }
    ],
    "short": [
      {
        "zone": [
          0.1074,
          0.10846
        ],
        "tp": 0.10366,
        "sl": 0.10847,
        "leverage": 10,
        "volume_1m": 218251.0
      }
    ]
  },
"last_updated": "2025-07-16 08:11:52"
}
